{"RuleTriggered": 0, "Violations": 0, "Details": {"ratio": {"cpu_functions": 100.0}, "phase": {"Step:ModeKeys.TRAIN": 108.40112742775314, "others": -18.6807866627161, "Step:ModeKeys.EVAL": 10.279659234962947}, "phase_time": {}, "CPU": {"conv2d": 18.474719274911443, "convolution": 18.47375623013858, "_convolution": 18.472931098255746, "mkldnn_convolution": 18.46547864218831, "batch_norm": 8.713575159332896, "_batch_norm_impl_index": 8.712184772237542, "native_batch_norm": 8.687354822935495}, "CPU_total": {"conv2d": 39384045, "convolution": 39381992, "_convolution": 39380233, "mkldnn_convolution": 39364346, "batch_norm": 18575429, "_batch_norm_impl_index": 18572465, "native_batch_norm": 18519533}, "general": {"DataLoaderIterInitialize": 0.0002858025568820208, "DataLoaderIter": 1.2013861376722712, "Forward": 98.79832805977085}}, "Datapoints": 0, "RuleParameters": ""}